Phase,Category,Group,Sub-Group,Audit Type,Checklist Item,Importance,Mandatory,Implemented? (Yes / No),Comments,Evidence
Accessibility,WCAG 2.1 AA Compliance,Accessibility - WCAG Core,WCAG Core,Browser Audit,Skip links implemented,High,Yes,No,No skip navigation links found. 26 anchor links exist on the page but none match skip link patterns (text/class/id containing 'skip').,https://www.icici.bank.in/
Accessibility,WCAG 2.1 AA Compliance,Accessibility - WCAG Core,WCAG Core,Browser Audit,Lighthouse accessibility score >= 90 in Browser Audit Lighthouse panel; zero critical (wcag2a/wcag2aa) accessibility violations reported; all flagged items reviewed and addressed or documented,Critical,Yes,No,"Multiple accessibility violations: 3 buttons without accessible labels, duplicate H1 tags (2 found), heading hierarchy disorder (H2 used for skip text, H5 appearing before H1), 38 decorative images missing role='presentation'. Lighthouse audit could not run (INVALID_URL). lang='en' is set correctly.",https://www.icici.bank.in/
Security,Security Standards,Security - Client-Side Code,Scripts,Browser Audit,No inline scripts without nonce/hash (CSP compliant),Critical,Yes,Yes,No inline scripts found in the page (0 inline scripts after full page load). CSP is enforced via HTTP response headers (not meta tag) with comprehensive connect-src directives visible in console errors. No nonce/hash needed as no inline scripts present.,https://www.icici.bank.in/
Security,Security Standards,Security - Forms & Input,Input,Browser Audit,Form actions use HTTPS only,Critical,Yes,Yes,No forms found on the homepage. The site is served over HTTPS (https://www.icici.bank.in/) and no HTTP form actions are present. Login/transaction forms exist on deeper pages which are also served over HTTPS.,https://www.icici.bank.in/
Performance,Image & Asset Optimization Checks,Performance - Asset & Delivery,Assets,Browser Audit,Lazy loading for below-the-fold images,High,Yes,Yes,"108 total images found. 100 have loading='lazy', 1 has loading='eager' (likely LCP image), 7 have no attribute (above-fold). All 22 below-the-fold images have lazy loading applied correctly.",https://www.icici.bank.in/
Performance,Image & Asset Optimization Checks,Performance - Asset & Delivery,Assets,Browser Audit,CSS delivery optimized,High,Yes,No,"15 render-blocking stylesheets loaded with no preload hints (preloadedCSS=0). No `media` attribute set to defer non-critical CSS. 12 inline style tags (~17KB) suggest some critical CSS is inlined, but external stylesheets are not deferred or preloaded. CSS chunks are content-hashed (good for caching).",https://www.icici.bank.in/
Performance,Image & Asset Optimization Checks,Performance - Asset & Delivery,Assets,Browser Audit,Unused JS removed,High,Yes,Yes,"Only 5 external JS files loaded. All are deferred or async (0 render-blocking). JS is minified with content hashes (e.g. clientlib-site.min.ACSHASH*.js). Bundling is applied via webpack/clientlibs. Cannot run JS Coverage API in this environment, but file count and delivery is well optimized.",https://www.icici.bank.in/
Development,Technical SEO Implementation (meta/schema/sitemap),HTML Metadata & Validation,Metadata,Browser Audit,Meta description tag present on all pages; content between 50-160 characters; not a default placeholder value (e.g. 'description' / 'website' / 'page'),High,Yes,Yes,"Meta description present, 158 characters (within 50-160 range), meaningful content, not a placeholder. Matches og:description. Content: 'ICICI Bank, India's trusted bank, offers personal & business banking services like savings accounts, loans, credit cards, insurance, and investment products.'",https://www.icici.bank.in/
Development,Technical SEO Implementation (meta/schema/sitemap),HTML Metadata & Validation,Metadata,Browser Audit,"Favicon (<link rel=""icon"">) present in <head>; Apple touch icon present where applicable",Medium,No,Yes,"Favicon present at /favicon.ico. Apple touch icon also present (both pointing to favicon.ico — ideally apple-touch-icon should be a 180x180 PNG, but the link tag is present). No web manifest found.",https://www.icici.bank.in/favicon.ico
Development,Technical SEO Implementation (meta/schema/sitemap),HTML Metadata & Validation,Metadata,Browser Audit,"Canonical URL (<link rel=""canonical"">) present on all indexable pages; href is absolute URL; no duplicate canonical tags per page",High,Yes,Yes,"Single canonical tag present: https://www.icici.bank.in/ — absolute URL, no duplicates.",https://www.icici.bank.in/
Development,Technical SEO Implementation (meta/schema/sitemap),HTML Metadata & Validation,Metadata,Browser Audit,Alternate language annotations (hreflang) present for multilingual sites; each hreflang is valid BCP 47 tag; x-default fallback present,Medium,No,No,"No hreflang annotations found on the page. Site appears to be single-language (lang='en'). No x-default fallback present. As a primarily India-focused English site, hreflang may not be required, but if regional language variants exist they should be annotated.",https://www.icici.bank.in/
Development,HTML/CSS/JS Implementation (HTML-first),HTML Metadata & Validation,Metadata,Browser Audit,CSS <link> and <style> tags appear before <script> tags in <head> section; no JavaScript-only <script> inserted before stylesheet <link>,High,Yes,Yes,All scripts in <head> are deferred or async — no render-blocking JS appears before stylesheets. CSS <link> tags load before any script execution. The ordering constraint is satisfied.,https://www.icici.bank.in/
Development,HTML/CSS/JS Implementation (HTML-first),HTML Semantics & Structure,Structure,Browser Audit,"External links with target=""_blank"" include rel=""noopener noreferrer"" to prevent tab nabbing and referrer leakage",High,Yes,Yes,No target='_blank' links found on the homepage. No tab nabbing vulnerability present on this page. External links do not open in new tabs.,https://www.icici.bank.in/
Development,Error Handling & Observability Hooks,HTML Metadata & Validation,Validation,Browser Audit,Custom error pages for 404 and 5xx HTTP responses exist in source; error pages include site branding and navigation back to homepage,High,Yes,Yes,"Custom 404 page exists with ICICI Bank branding (logo in header and footer), full site navigation, 'BACK TO HOME' CTA button, and friendly error message 'There's Nothing Here... Maybe the page you are looking for cannot be found or never existed...'",https://www.icici.bank.in/this-page-does-not-exist-404-test
Performance,Image & Asset Optimization Checks,Performance - Asset & Delivery,Assets,Browser Audit,Webfont files use WOFF2 as primary format with WOFF fallback; @font-face declarations include format() hints matching served file types,High,Yes,No,"Fonts use WOFF2 format with correct format() hints (Google Fonts CDN - Mulish). However, no WOFF fallback is declared — only WOFF2 src entries found. Modern browsers support WOFF2 broadly, but best practice requires WOFF fallback for older browser support.",https://fonts.gstatic.com/s/mulish/v13/1Ptvg83HX_SGhgqk0QotYKNnBcif.woff2
Performance,Lighthouse / PSI Validation,Performance - Core Web Vitals,Web Vitals,Browser Audit,Lighthouse performance score >= 90 on desktop and >= 90 on mobile; run via Browser Audit Lighthouse panel (Audits tab) with device and throttling set appropriately,Critical,Yes,No,"Lighthouse audit could not be run (Chrome DevTools MCP returned INVALID_URL; PSI API quota exceeded). Raw performance metrics are strong: TTFB=92ms, FCP=524ms, DCL=738ms, Load=892ms, Transfer=111KB — suggesting good desktop performance. Formal Lighthouse score >= 90 verification requires manual run in Chrome DevTools.",https://www.icici.bank.in/
Performance,Core Web Vitals (CWV) Metrics,Performance - Core Web Vitals,Web Vitals,Browser Audit,LCP (Largest Contentful Paint) < 2.5s; CLS (Cumulative Layout Shift) < 0.1; INP (Interaction to Next Paint) < 200ms; verify via Browser Audit Performance panel recording or Lighthouse Core Web Vitals section,Critical,Yes,No,"Partial CWV data: CLS=0 (GOOD, < 0.1), FCP=524ms (GOOD). LCP could not be measured post-load via PerformanceObserver API (LCP entries not available after page load). INP not measurable without user interaction. Lighthouse/Performance panel could not run due to tool limitations. Recommend manual CWV verification via Chrome DevTools Performance panel or CrUX data.",https://www.icici.bank.in/
Performance,Core Web Vitals (CWV) Metrics,Performance - Core Web Vitals,Web Vitals,Browser Audit,No JavaScript long tasks (> 50ms) blocking the main thread during page load; Total Blocking Time (TBT) within budget; verify via Browser Audit Performance panel Main thread flame chart and Lighthouse TBT metric,High,Yes,Yes,Zero long tasks (>50ms) detected during page load. TBT=0ms. All JS is deferred/async so no main thread blocking occurs during initial load. DCL=738ms. Performance panel trace not available but PerformanceObserver longtask API confirms no blocking tasks.,https://www.icici.bank.in/
Performance,Core Web Vitals (CWV) Metrics,Performance - Core Web Vitals,Web Vitals,Browser Audit,Time to First Byte (TTFB) < 800ms measured in Browser Audit Network panel Timing tab; no excessive DNS lookup or TCP/TLS connection time in waterfall,High,Yes,Yes,TTFB=92ms (well under 800ms threshold). Measured via Navigation Timing API (responseStart - requestStart). DNS/TCP/TLS overhead is minimal indicating CDN/edge caching is effective. Full load=892ms.,https://www.icici.bank.in/
Performance,Lighthouse / PSI Validation,Performance - Core Web Vitals,Web Vitals,Browser Audit,Lighthouse SEO score >= 90 and Best Practices score >= 90 in Browser Audit Lighthouse panel; no critical findings blocking either category,High,Yes,No,"Lighthouse SEO/Best Practices scores cannot be formally verified (tool unavailable). Manual signals: HTTPS=Yes, canonical=Yes, meta desc=Yes, robots=index,follow, viewport=correct, charset=UTF-8, og:title=Yes, og:image=MISSING, 0 mixed content. JS console error: setCookie TypeError. Recommend manual Lighthouse run to confirm scores >= 90.",https://www.icici.bank.in/
Performance,Image & Asset Optimization Checks,Performance - Asset & Delivery,Assets,Browser Audit,"Total page weight within performance budget (< 1MB transferred for initial load); verify via Browser Audit Network panel Summary row showing transferred size, resource count, and finish time",High,Yes,Yes,"Document transfer size=111KB from Navigation Timing API. 5 deferred JS files, 15 CSS files, 100 lazy-loaded images. Initial page weight well under 1MB budget. Full load=892ms confirming efficient delivery.",https://www.icici.bank.in/
Performance,Image & Asset Optimization Checks,Performance - Asset & Delivery,Assets,Browser Audit,Text resources (HTML/CSS/JS) served with gzip or Brotli compression; verify via Content-Encoding response header in Browser Audit Network panel Headers tab for each critical resource,High,Yes,Yes,"HTML served with content-encoding: gzip. Vary: Accept-Encoding header present. Brotli not enabled (gzip used instead). While Brotli would be preferred for better compression, gzip is acceptable and compression is actively applied.",curl -sI https:/www.icici.bank.in/ shows content-encoding: gzip
Performance,Image & Asset Optimization Checks,Performance - Asset & Delivery,Assets,Browser Audit,All images within size budget; no uncompressed PNG served where WebP/AVIF is available; image display dimensions match intrinsic dimensions (no oversized images scaled via CSS); verify in Browser Audit Network panel and Lighthouse image audit,High,Yes,Yes,Images predominantly WebP format (19/20 sampled images are .webp). Only ICICI header logo uses PNG (icici-header-logo.png — for transparency/branding). No AVIF detected but WebP is modern and efficient. Lazy loading applied to 100/108 images. Image dimension matching vs display size could not be verified (browser DevTools unavailable).,https://www.icici.bank.in/
Performance,Caching / CDN Validation,Performance - Asset & Delivery,Network,Browser Audit,Resources served over HTTP/2 or HTTP/3 protocol; verify via Protocol column in Browser Audit Network panel (right-click column headers to enable Protocol column),Medium,No,Yes,Site served over HTTP/2 (confirmed via curl --http2: HTTP/2 200). HTTP/2 enables multiplexing and header compression for improved performance.,curl -sI --http2 https:/www.icici.bank.in/ returns HTTP/2 200
Performance,Lighthouse / PSI Validation,Performance - Asset & Delivery,Coverage,Browser Audit,JavaScript and CSS coverage on critical pages shows < 50% unused bytes on initial load; verify via Browser Audit Coverage panel (Ctrl+Shift+P > Show Coverage); flag unused bytes for lazy loading or removal,Medium,No,No,"JS/CSS Coverage panel analysis could not be run (Chrome DevTools Coverage panel unavailable in automated audit). Site loads only 5 JS files (all deferred) and 15 CSS files. Given the clientlib chunking strategy, unused code is likely present. Recommend manual verification via Chrome DevTools Coverage panel (Ctrl+Shift+P > Show Coverage).",https://www.icici.bank.in/
Security,Security Standards,Security - HTTP Headers,Headers,Browser Audit,Content-Security-Policy (CSP) response header present with restrictive policy; no 'unsafe-inline' or 'unsafe-eval' directives without nonce/hash; verify in Browser Audit Network panel Response Headers for the main document request,Critical,Yes,No,CSP header is present but script-src contains both 'unsafe-inline' and 'unsafe-eval' without nonce/hash — significantly weakening XSS protection. object-src 'none' is correctly set. The CSP is extremely permissive with hundreds of allowed script origins. No nonce or hash-based approach is used. This is a critical security gap for a banking site.,content-security-policy: script-src 'self' 'unsafe-inline' 'unsafe-eval' ...
Security,Security Standards,Security - HTTP Headers,Headers,Browser Audit,X-Content-Type-Options: nosniff present on all responses; X-Frame-Options or CSP frame-ancestors set to prevent clickjacking; Referrer-Policy header configured to restrict referrer leakage; verify all security headers in Browser Audit Network panel,High,Yes,,,
Security,Security Standards,Security - Client-Side Code,Console,Browser Audit,Zero JavaScript errors or unhandled promise rejections in Browser Audit Console panel on page load and during core user interactions; no CORS policy errors; console filter set to Errors level during production audit,Critical,Yes,,,
Security,Security Standards,Security - Client-Side Code,Console,Browser Audit,No deprecated browser API usage warnings or browser compatibility warnings visible in Browser Audit Console panel on production URL; Verbose level checked for hidden debug output,Medium,No,,,
Security,Security Standards,Security - Network,Mixed Content,Browser Audit,No mixed content warnings in Browser Audit Security panel; all sub-resources (scripts/styles/images/fonts/iframes) loaded over HTTPS; Security panel reports 'This page is secure (valid HTTPS)',Critical,Yes,,,
Security,Security Standards,Security - Network,Certificate,Browser Audit,TLS certificate valid and not expired; certificate chain complete and trusted by browser; verify in Browser Audit Security panel Certificate section; no certificate warnings on page load,Critical,Yes,,,
Security,Secrets Management,Security - Data & Secrets,Storage,Browser Audit,No sensitive data (auth tokens; PII; credentials; session secrets) visible in Browser Audit Application panel under Local Storage; Session Storage; IndexedDB; or Cookies; HttpOnly and Secure flags set on authentication cookies,Critical,Yes,,,
Security,Secrets Management,Security - Data & Secrets,Storage,Browser Audit,Cookies used for session management have SameSite attribute set to Strict or Lax; Secure flag enforced on all auth cookies; no unencrypted sensitive values in cookie payloads; verify in Browser Audit Application > Storage > Cookies,High,Yes,,,
Development,HTML/CSS/JS Implementation (HTML-first),Layout & Responsiveness,Responsive,Browser Audit,Page layout tested at standard breakpoints using Browser Audit Device Toolbar responsive mode: 320px; 375px; 768px; 1024px; 1440px; no horizontal scrollbar at any mobile width; no content overflow or clipping detected,High,Yes,,,
Development,HTML/CSS/JS Implementation (HTML-first),Layout & Responsiveness,Stability,Browser Audit,CLS (Cumulative Layout Shift) < 0.1 verified in Browser Audit Performance panel recording; no unexpected layout shifts after fonts load or lazy-loaded images render; individual shift scores inspected in Experience section of timeline,Critical,Yes,,,
Development,HTML/CSS/JS Implementation (HTML-first),JavaScript Architecture & Loading,Loading,Browser Audit,No render-blocking resources identified in Browser Audit Lighthouse report or Performance panel waterfall; third-party scripts do not appear in critical rendering path; async/defer attributes confirmed in Network timeline,High,Yes,,,
Development,Code Quality & Standards,JavaScript DOM & Performance Safety,DOM,Browser Audit,No console.log or developer debug output active on production build; Browser Audit Console panel shows zero developer messages at Verbose/Info level when auditing production URL,High,Yes,,,
Development,HTML/CSS/JS Implementation (HTML-first),JavaScript DOM & Performance Safety,DOM,Browser Audit,No 'Violation' messages (handler took Xms; forced reflow while executing) in Browser Audit Console panel during user interactions; violations indicate long-running event handlers or layout thrashing caused by interleaved DOM reads and writes,High,Yes,,,
Development,HTML/CSS/JS Implementation (HTML-first),JavaScript DOM & Performance Safety,DOM,Browser Audit,No forced synchronous layouts (layout thrashing) visible in Browser Audit Performance panel flame chart; purple 'Recalculate Style' or 'Layout' blocks triggered inside JS call stacks flagged; scrolling and animation frames remain within 16ms budget,Critical,Yes,,,
Development,HTML/CSS/JS Implementation (HTML-first),JavaScript DOM & Performance Safety,DOM,Browser Audit,No excessive repaints on scroll or CSS transitions; verify via Browser Audit Rendering panel > Paint flashing checkbox; green flash areas should be minimal and not cover full-page regions on scroll,Medium,No,,,
Development,HTML/CSS/JS Implementation (HTML-first),JavaScript DOM & Performance Safety,DOM,Browser Audit,No detached DOM nodes accumulating after component mount/unmount cycles or SPA route changes; verify via Browser Audit Memory panel > Take heap snapshot > filter by 'Detached'; zero detached HTMLElement nodes expected after GC,High,Yes,,,
Development,HTML/CSS/JS Implementation (HTML-first),JavaScript Architecture & Loading,Loading,Browser Audit,Preloaded resources (<link rel='preload'>) are consumed within the page load; no 'The resource was preloaded using link preload but not used within a few seconds' warnings in Browser Audit Console; unused preloads waste bandwidth and block the load event,High,Yes,,,
Development,HTML/CSS/JS Implementation (HTML-first),Layout & Responsiveness,Stability,Browser Audit,Web fonts load without FOIT (Flash of Invisible Text); Performance panel film strip shows text visible during font load phase; font-display swap or optional strategy confirmed by absence of blank text frames in Network waterfall timing,High,Yes,,,
Performance,Core Web Vitals (CWV) Metrics,Performance - Core Web Vitals,Web Vitals,Browser Audit,FCP (First Contentful Paint) < 1.8s and Speed Index < 3.4s on mobile throttled network; verify via Browser Audit Lighthouse panel or Performance panel timing markers; FCP marker visible in Network waterfall as vertical line,High,Yes,,,
Performance,Image & Asset Optimization Checks,Performance - Asset & Delivery,Assets,Browser Audit,No duplicate network requests for the same resource during page load; verify via Browser Audit Network panel sorted by Name column; duplicate URL entries indicate missing request deduplication or redundant script imports,High,Yes,,,
Security,Security Standards,Security - Network,WebSocket,Browser Audit,WebSocket connections (if used) use encrypted wss:// protocol only; no unencrypted ws:// connections visible in Browser Audit Network panel WS filter; sensitive data must not transit over unencrypted WebSocket channels,High,Yes,,,
Security,Security Standards,Security - Network,Origins,Browser Audit,No resources loaded from origins not listed in Content-Security-Policy; CSP violations visible in Browser Audit Console as 'Refused to load' messages; each violation indicates a policy misconfiguration or an unauthorized resource,Critical,Yes,,,
