key,value
metadata.projectName,mAIstro (HP Content Transformation)
metadata.repoUrl,https://github.com/OneAdobe/HPI-UX-UI-APP-CODE
metadata.appUrl,
metadata.auditDate,2026-09-03
metadata.auditorName,Code audit of app/ (UI Audit checklist v2.0.0)
metadata.auditVersion,2.0.0
metadata.projectType,New Build
metadata.projectManager,Nathan Brooks (UX workstream)
metadata.architectLead,
metadata.currentPhase,Development
summary.browserAudit.total,47
summary.browserAudit.passed,0
summary.browserAudit.failed,0
summary.browserAudit.notApplicable,47
summary.codeAudit.total,143
summary.codeAudit.passed,70
summary.codeAudit.failed,73
summary.codeAudit.notApplicable,0
summary.manualAudit.total,64
summary.manualAudit.passed,0
summary.manualAudit.failed,0
summary.manualAudit.notApplicable,64
summary.overall.total,254
summary.overall.passed,70
summary.overall.failed,73
summary.overall.notApplicable,111
summary.overall.mandatoryFailed,65
summary.overall.criticalFailed,22
summary.overall.highFailed,32
summary.overall.mediumFailed,19
scores.overall,51.5
scores.discovery,
scores.contentQuality,
scores.internationalization,
scores.design,
scores.userExperience,
scores.visualDesign,
scores.setup,
scores.development,46.2
scores.architectureReview,
scores.testing,
scores.security,72.7
scores.performance,37.5
scores.accessibility,44.4
scores.authorValidation,
scores.preGoLive,
scores.postGoLive,
scores.processGovernance,66.7
browser.accessibility.skipLinksImplemented,
browser.accessibility.lighthouseAccessibilityScore,
browser.accessibility.wcagViolationsCritical,
browser.accessibility.wcagViolationsTotal,
browser.security.inlineScriptsWithoutNonce,
browser.security.formActionsUseHttps,
browser.security.cspHeaderPresent,
browser.security.cspHasUnsafeDirectives,
browser.security.xContentTypeOptionsPresent,
browser.security.xFrameOptionsOrCspFrameAncestors,
browser.security.referrerPolicyPresent,
browser.security.zeroJsErrorsInConsole,
browser.security.noDeprecatedApiWarnings,
browser.security.mixedContentDetected,
browser.security.tlsCertificateValid,
browser.security.sensitiveDataInClientStorage,
browser.security.cookieSameSiteSecureFlags,
browser.security.websocketUsesWss,
browser.security.noCspViolationsInConsole,
browser.performance.lazyLoadingBelowFold,
browser.performance.cssDeliveryOptimized,
browser.performance.unusedJsRemoved,
browser.performance.webfontUsesWoff2,
browser.performance.lighthousePerformanceScore,
browser.performance.lcpMs,
browser.performance.clsScore,
browser.performance.inpMs,
browser.performance.longTasksOnMainThread,
browser.performance.tbtWithinBudget,
browser.performance.ttfbMs,
browser.performance.lighthouseSeoScore,
browser.performance.lighthouseBestPracticesScore,
browser.performance.totalPageWeightKb,
browser.performance.compressionEnabled,
browser.performance.imageOptimizationIssues,
browser.performance.resourcesOverHttp2OrHttp3,
browser.performance.unusedJsCssPercent,
browser.performance.fcpMs,
browser.performance.speedIndexMs,
browser.performance.duplicateNetworkRequests,
browser.development.metaDescriptionPresent,
browser.development.metaDescriptionLength,
browser.development.faviconPresent,
browser.development.canonicalUrlPresent,
browser.development.hreflangImplemented,
browser.development.cssBeforeScriptsInHead,
browser.development.externalLinksHaveNoopener,
browser.development.customErrorPagesExist,
browser.development.responsiveAtAllBreakpoints,
browser.development.clsInPerformancePanel,
browser.development.noRenderBlockingResources,
browser.development.noConsoleLogInProduction,
browser.development.noViolationMessagesInConsole,
browser.development.noForcedSyncLayoutsInFlameChart,
browser.development.noExcessiveRepaintsOnScroll,
browser.development.noDetachedDomNodes,
browser.development.preloadedResourcesConsumed,
browser.development.webFontsLoadWithoutFoit,
code.html.semantics.semanticToDivRatioPass,0
code.html.semantics.headingHierarchyCorrect,0
code.html.semantics.singleH1PerPage,0
code.html.structure.domSourceOrderMatchesTabOrder,1
code.html.structure.criticalContentInRawHtml,0
code.html.structure.excessiveDomDepth,1
code.html.forms.radioCheckboxHaveFieldsetLegend,0
code.html.forms.allInputsHaveLabels,0
code.html.forms.missingLabelsCount,1
code.html.forms.placeholderUsedAsLabel,1
code.html.forms.errorMessagesLinkedToInputs,0
code.html.forms.interactiveElementsHaveAccessibleNames,1
code.html.forms.inlineStylesCount,80
code.html.media.decorativeImagesHaveEmptyAlt,0
code.html.media.altTextQualityPass,0
code.html.media.missingOrInvalidAltCount,8
code.html.media.tablesHaveTheadTbody,1
code.html.media.tableHeadersUseTh,1
code.html.media.listsUseUlOrOlCorrectly,0
code.html.media.imgElementsHaveDimensionsForCls,
code.html.metadata.pageTitlePresent,0
code.html.metadata.pageTitleQualityPass,0
code.html.metadata.metaViewportConfigured,1
code.html.metadata.charsetDeclaredInHead,1
code.html.metadata.langAttributeValid,1
code.html.metadata.dirAttributeForRtl,1
code.html.metadata.duplicateIdsCount,0
code.html.metadata.invalidHtmlNestingCount,0
code.html.metadata.htmlValidationErrorCount,0
code.html.metadata.ariaRolesDontDuplicateSemantics,1
code.html.metadata.noAriaMisuse,0
code.html.metadata.ariaUsedOnlyWhenNecessary,0
code.html.metadata.metaTagsDoNotBlockZoom,1
code.html.metadata.brokenLinksCount,0
code.css.tokens.cssVarsUsedForColors,0
code.css.tokens.cssVarsUsedForSpacing,0
code.css.tokens.cssVarsUsedForTypography,0
code.css.tokens.cssVarsUsedForFontFamily,0
code.css.tokens.hardcodedHexOrRgbCount,0
code.css.tokens.hardcodedPixelSpacingCount,64
code.css.maintainability.namingConventionsConsistent,1
code.css.maintainability.classNamesAvoidColorOrPosition,1
code.css.maintainability.selectorsColocatedInSameFile,1
code.css.maintainability.printStylesheetHidesNonEssential,1
code.css.layout.modernLayoutUsed,1
code.css.layout.mobileFirstMediaQueries,0
code.css.layout.standardBreakpointsOnly,1
code.css.layout.responsiveImagesByDefault,0
code.css.layout.zIndexEscalationIssues,0
code.css.performance.noExpensiveBoxShadows,0
code.css.performance.noHeavyCssFilters,1
code.css.performance.noInfiniteAnimationsOnNonLoaders,1
code.css.performance.cssCompatibilityIssuesCount,2
code.css.performance.vendorPrefixIssues,0
code.css.quality.duplicateCssRulesCount,0
code.css.quality.unusedCssSelectorsCount,0
code.css.quality.propertyOrderingConsistent,0
code.javascript.loading.noBlockingScriptsInHead,1
code.javascript.loading.asyncOrDeferUsed,0
code.javascript.loading.thirdPartyScriptsLazyLoaded,1
code.javascript.loading.noUnusedModulesLoaded,0
code.javascript.loading.noMarketingTagsInHead,1
code.javascript.loading.userFacingStringsUseI18nKeys,0
code.javascript.loading.noBinariesInRepo,1
code.javascript.loading.errorMessagesFollowPattern,0
code.javascript.dom.noTightDomCoupling,1
code.javascript.dom.noForcedSyncLayoutsInCode,1
code.javascript.dom.timerLeaksCount,300
code.javascript.dom.pollingWithoutObserverCount,3000
code.javascript.dom.prefersNativeBrowserApis,1
code.javascript.dom.modernEs6SyntaxUsed,1
code.javascript.state.noMemoryLeakRisks,0
code.javascript.state.eventListenersCleanedUp,1
code.javascript.state.asyncAwaitUsed,1
code.javascript.state.promisesHandledCorrectly,1
code.javascript.state.stateMutationThroughSetters,1
code.javascript.state.noSharedStateMutation,1
code.javascript.state.noSideEffectsInPureFunctions,0
code.javascript.state.consistentReturnTypes,1
code.javascript.state.noStateMutationInLoops,1
code.javascript.structure.globalVariablesCount,0
code.javascript.structure.jsScopedToComponent,1
code.javascript.structure.codingStyleConsistent,0
code.javascript.structure.deeplyNestedCallbacksCount,0
code.javascript.structure.callChainDepthWithinLimit,0
code.javascript.structure.inputValidationPresent,0
code.javascript.structure.noUnreachableCode,1
code.javascript.structure.noEmptyCatchBlocks,1
code.javascript.structure.noUnusedNpmPackages,0
code.javascript.structure.noUnusedComponentProps,1
code.accessibility.wcag.wcag21AAComplianceMet,0
code.accessibility.wcag.dynamicContentChangesAnnounced,0
code.accessibility.components.modalDialogAriaCorrect,0
code.accessibility.components.videoCaptionsPresent,
code.accessibility.components.audioTranscriptsPresent,
code.accessibility.components.noFocusTrapMisuse,1
code.accessibility.css.visibleFocusStylesPresent,0
code.accessibility.css.hoverRulesHaveFocusEquivalent,0
code.accessibility.css.visuallyHiddenPatternCorrect,1
code.security.clientCode.noEvalOrFunctionString,1
code.security.clientCode.noDocumentWrite,1
code.security.clientCode.externalScriptsHaveSri,0
code.security.clientCode.noUnsanitizedInnerHtml,1
code.security.secrets.noHardcodedApiKeys,1
code.security.secrets.noCredentialsInUrls,1
code.security.secrets.noSensitiveDataInComments,0
code.security.secrets.noInsecureStorageForSecrets,1
code.security.secrets.noPiiInStorageWithoutConsent,1
code.security.dependencies.noKnownVulnerableDependencies,0
code.security.input.noSensitiveDataInClientVisibleAttributes,1
code.quality.hygiene.lintErrorsCount,0
code.quality.hygiene.unusedVariablesCount,0
code.quality.hygiene.unusedFunctionsCount,0
code.quality.hygiene.unusedImportsCount,0
code.quality.hygiene.deadCodePathsCount,0
code.quality.hygiene.deadCodeFilesCount,0
code.quality.hygiene.commentedOutCodeCount,0
code.quality.hygiene.implicitGlobalsCount,0
code.quality.hygiene.fileStructureConsistent,1
code.quality.hygiene.duplicateConstantsCount,14
code.quality.readability.variableNamingViolationsCount,0
code.quality.readability.functionNamingViolationsCount,0
code.quality.readability.namingConventionsConsistent,1
code.quality.readability.complexConditionsCount,0
code.quality.readability.missingGuardClausesCount,0
code.quality.readability.oversizedFilesOrFunctionsCount,400
code.quality.readability.singleResponsibilityViolationsCount,0
code.quality.readability.readmePresent,1
code.quality.reliability.inconsistentErrorHandlingCount,0
code.quality.reliability.poorErrorLoggingCount,0
code.quality.reliability.ungracefulErrorsCount,0
code.quality.reliability.magicNumbersCount,5000
code.quality.reliability.uncentralizedConstantsCount,0
code.quality.reliability.hardcodedBehaviorCount,0
code.quality.reliability.duplicatedUtilitiesCount,0
code.quality.reliability.duplicateCodePercent,
code.quality.architecture.hardcodedEnvValuesCount,0
code.quality.architecture.circularDependenciesCount,0
code.quality.architecture.staleTodoFixmeCount,0
code.governance.vcs.gitRepositoryInitialized,1
code.governance.vcs.gitignorePresent,1
code.governance.vcs.lockfileCommitted,1
code.governance.quality.preCommitHooksConfigured,0
code.governance.config.nodeVersionSpecified,1
code.governance.genai.noMockDataInProduction,1
manual.discovery.businessObjectivesAndKpisDefined,
manual.discovery.targetAudienceAndPersonasDefined,
manual.discovery.cdnProviderAndRepoIdentified,
manual.discovery.edsAuthoringAndContentRequirementsDefined,
manual.discovery.edsBlockRequirementsAndStructureDefined,
manual.discovery.integrationAndMarTechRequirementsDefined,
manual.discovery.nonFunctionalRequirementsDefined,
manual.discovery.seoRoutingAndLocalizationDefined,
manual.design.hldDocumented,
manual.design.blockAndFragmentDesignComplete,
manual.design.performanceByDesignGoalsDefined,
manual.design.responsiveAndAccessibilityStrategyDefined,
manual.design.seoAndErrorStrategyDesigned,
manual.setup.cdnConfigured,
manual.setup.repoAndContentSourceConfigured,
manual.setup.aemSidekickInstalledAndConfigured,
manual.setup.ciCdPipelineConfigured,
manual.setup.devStagingProdEnvironmentsSetUp,
manual.setup.prProcessAndBranchingStrategyDefined,
manual.setup.i18nAndTranslationSetup,
manual.visualDesign.uiMatchesDesignMockupsAtAllViewports,
manual.visualDesign.brandingAndInteractiveStatesConsistent,
manual.userExperience.coreUserFlowsIntuitive,
manual.userExperience.loadingEmptyErrorStatesPresent,
manual.userExperience.formValidationUxVerified,
manual.contentQuality.copySpellingGrammarLegalTextVerified,
manual.contentQuality.cookieConsentMeetsGdprCcpa,
manual.testing.contentPreviewAndPublishWorkflowValidated,
manual.testing.functionalAndE2ETestingComplete,
manual.testing.unitTestsAutomatedInCiCd,
manual.testing.rumSetUpAndConfigured,
manual.testing.crossBrowserAndDeviceTestingComplete,
manual.security.apiEndpointsSecured,
manual.security.rbacImplemented,
manual.security.dataEncryptionAndGdprCompliant,
manual.security.secretsManagementAndPenTestingDone,
manual.authorValidation.authorTrainingAndSidekickVerified,
manual.authorValidation.authorWorkflowValidatedInDocsSheets,
manual.authorValidation.blockUsabilityReviewComplete,
manual.authorValidation.documentToWebRenderingValidated,
manual.performance.cdnCachingStrategyValidated,
manual.performance.rumMonitoringAndAlertsConfigured,
manual.performance.aboveTheFoldLoadsWithin2500ms,
manual.accessibility.screenReaderTestingComplete,
manual.accessibility.keyboardOnlyNavigationTested,
manual.accessibility.axeWaveToolsRunAndRemediated,
manual.i18n.rtlLayoutVerified,
manual.i18n.textExpansionDoesNotBreakLayout,
manual.i18n.localeFormattingCorrect,
manual.architectureReview.designTokensMatchFigma,
manual.architectureReview.webfontStrategyReviewed,
manual.preGoLive.cdnCachingAndDnsFinalized,
manual.preGoLive.deploymentAndRollbackPlanCreated,
manual.preGoLive.previewAndLiveDomainValidated,
manual.preGoLive.finalE2eSmokeLoadTestingComplete,
manual.preGoLive.seoLaunchReadinessVerified,
manual.postGoLive.centralizedLoggingAndAlertsConfigured,
manual.postGoLive.cwvRumCdnMonitoringSetup,
manual.postGoLive.authorSupportAndHelpdeskEstablished,
manual.postGoLive.incidentResponseAndSlasDefined,
manual.postGoLive.seoIndexingAndAnalyticsMonitored,
manual.postGoLive.continuousImprovementPlanInPlace,
manual.governance.projectManagementToolActivelyUsed,
manual.governance.codeReviewProcessWithSlaDefined,
manual.governance.qaEnvironmentMirrorsProduction,
manual.governance.genAiGovernancePolicyDocumented,
risk.discovery,
risk.contentQuality,
risk.internationalization,
risk.design,
risk.userExperience,
risk.visualDesign,
risk.setup,
risk.development,High
risk.architectureReview,
risk.testing,
risk.security,Medium
risk.performance,High
risk.accessibility,High
risk.authorValidation,
risk.preGoLive,
risk.postGoLive,
risk.processGovernance,Medium
status.ragRating,Red
status.goLiveReady,No
status.mandatoryPassRate,46.7
status.criticalPassRate,37.1
status.highPassRate,50
status.totalBlockingIssues,65
trend.totalIssues,73
trend.criticalIssues,22
trend.overallCompliance,51.5
trend.accessibilityCompliance,44.4
trend.performanceCompliance,37.5
trend.securityCompliance,72.7
trend.developmentCompliance,46.2
topIssues.count,10
topIssues.1.auditType,Code Audit
topIssues.1.phase,Development
topIssues.1.group,HTML Semantics & Structure
topIssues.1.subGroup,Semantics
topIssues.1.severity,Critical
topIssues.1.mandatory,Yes
topIssues.1.description,Semantic-to-div ratio above threshold; pages with >70% generic containers (div/span) flagged
topIssues.1.evidence,app/src/pages/ReviewApprove.tsx
topIssues.2.auditType,Code Audit
topIssues.2.phase,Development
topIssues.2.group,HTML Semantics & Structure
topIssues.2.subGroup,Semantics
topIssues.2.severity,Critical
topIssues.2.mandatory,Yes
topIssues.2.description,Correct heading hierarchy maintained
topIssues.2.evidence,app/src/components/PageHeader.tsx
topIssues.3.auditType,Code Audit
topIssues.3.phase,Development
topIssues.3.group,HTML Forms & Inputs
topIssues.3.subGroup,Forms
topIssues.3.severity,Critical
topIssues.3.mandatory,Yes
topIssues.3.description,All inputs have associated labels
topIssues.3.evidence,app/src/components/agent-panel/AgentPanel.tsx
topIssues.4.auditType,Code Audit
topIssues.4.phase,Development
topIssues.4.group,HTML Forms & Inputs
topIssues.4.subGroup,Forms
topIssues.4.severity,Critical
topIssues.4.mandatory,Yes
topIssues.4.description,Error messages programmatically associated with inputs via aria-describedby or aria-errormessage; error containers use role='alert' or aria-live='assertive'; error text is non-empty and >10 characters
topIssues.4.evidence,app/src/components/configure-package/SaveCustomPackageDialog.tsx
topIssues.5.auditType,Code Audit
topIssues.5.phase,Development
topIssues.5.group,HTML Media & Data
topIssues.5.subGroup,Images
topIssues.5.severity,Critical
topIssues.5.mandatory,Yes
topIssues.5.description,Alt text is not a filename or path; not generic (image/photo/icon/picture/graphic/banner/logo without qualifier); between 5-125 characters; does not duplicate adjacent text content; does not begin wit
topIssues.5.evidence,app/src/components/select-output/OutputPackageCard.tsx
topIssues.6.auditType,Code Audit
topIssues.6.phase,Development
topIssues.6.group,HTML Metadata & Validation
topIssues.6.subGroup,Metadata
topIssues.6.severity,Critical
topIssues.6.mandatory,Yes
topIssues.6.description,Page <title> exists; is >10 characters; not a default value (Untitled/Document/Home/Page/Website/Welcome); follows consistent pattern across site (e.g. 'Page - Site' or 'Page | Site' separator detecte
topIssues.6.evidence,app/src/index.html
topIssues.7.auditType,Code Audit
topIssues.7.phase,Development
topIssues.7.group,HTML Metadata & Validation
topIssues.7.subGroup,Validation
topIssues.7.severity,Critical
topIssues.7.mandatory,Yes
topIssues.7.description,No invalid HTML nesting
topIssues.7.evidence,package.json
topIssues.8.auditType,Code Audit
topIssues.8.phase,Development
topIssues.8.group,HTML Metadata & Validation
topIssues.8.subGroup,Validation
topIssues.8.severity,Critical
topIssues.8.mandatory,Yes
topIssues.8.description,HTML validates without errors
topIssues.8.evidence,package.json
topIssues.9.auditType,Code Audit
topIssues.9.phase,Development
topIssues.9.group,CSS Architecture & Tokens
topIssues.9.subGroup,Design Tokens
topIssues.9.severity,Critical
topIssues.9.mandatory,Yes
topIssues.9.description,CSS variables used for all colors
topIssues.9.evidence,app/src/pages/GenerateAsset.tsx
topIssues.10.auditType,Code Audit
topIssues.10.phase,Development
topIssues.10.group,CSS Architecture & Tokens
topIssues.10.subGroup,Design Tokens
topIssues.10.severity,Critical
topIssues.10.mandatory,Yes
topIssues.10.description,No hardcoded hex/rgb color values
topIssues.10.evidence,app/src/pages/ProductDetails.tsx
components.count,5
components.1.name,package.json
components.1.path,package.json
components.1.failedChecks,17
components.1.criticalFailures,8
components.1.healthScore,6
components.2.name,ReviewApprove.tsx
components.2.path,app/src/pages/ReviewApprove.tsx
components.2.failedChecks,8
components.2.criticalFailures,1
components.2.healthScore,11
components.3.name,EditRegenPanel.tsx
components.3.path,app/src/components/EditRegenPanel.tsx
components.3.failedChecks,8
components.3.criticalFailures,1
components.3.healthScore,0
components.4.name,index.html
components.4.path,app/src/index.html
components.4.failedChecks,4
components.4.criticalFailures,1
components.4.healthScore,69
components.5.name,MainLayout.tsx
components.5.path,app/src/layouts/MainLayout.tsx
components.5.failedChecks,3
components.5.criticalFailures,1
components.5.healthScore,25
